region,category_name,avg_views
GB,Music,4189449.3378575775
GB,Film & Animation,3346744.8352382174
GB,Entertainment,2870647.265713586
GB,Unknown,2431716.2897196263
GB,Science & Technology,2366867.074669525
GB,People & Blogs,1811455.173082489
GB,Education,1770542.8026437135
GB,Comedy,1638479.5602819028
GB,Gaming,1592461.4445083253
GB,News & Politics,1388459.0835852479
GB,Howto & Style,1285923.0895417978
GB,Pets & Animals,1258050.561436673
GB,Sports,1134771.2426572703
GB,Autos & Vehicles,939134.7006359781
GB,Travel & Events,729078.8647619048
IN,Pets & Animals,9577318.819047619
IN,Music,5425819.242086588
IN,Film & Animation,4436429.527557832
IN,Science & Technology,2945049.113017831
IN,Entertainment,2583788.869462115
IN,Sports,2575062.9723106744
IN,Comedy,2538771.2321758093
IN,People & Blogs,2252118.546515062
IN,Gaming,1813355.2964285715
IN,Education,1573141.1543942993
IN,Howto & Style,1369289.8997238956
IN,Travel & Events,1171071.510901591
IN,Autos & Vehicles,1117307.4406349207
IN,News & Politics,1067385.2657651627
IN,Unknown,1005710.1764705882
US,Entertainment,4442610.453283352
US,Music,4309497.0827721665
US,Film & Animation,2747712.53197026
US,Science & Technology,2732367.3762154076
US,Nonprofits & Activism,2418002.704347826
US,News & Politics,1913316.9521875
US,Sports,1875406.7405522785
US,People & Blogs,1712436.6675598428
US,Gaming,1665411.847928473
US,Education,1621216.097750076
US,Comedy,1573623.5257811297
US,Pets & Animals,1334545.2462809917
US,Howto & Style,1235712.6627591136
US,Autos & Vehicles,958590.8586715867
US,Travel & Events,918903.0508574807
