category_name,region,average_views,unique_videos_count
Pets & Animals,IN,9577318.819047619,30
Music,IN,5425819.242086588,8030
Entertainment,US,4442610.453283352,9195
Film & Animation,IN,4436429.527557832,1610
Music,US,4309497.0827721665,7353
Music,GB,4189449.3378575775,5755
Film & Animation,GB,3346744.8352382174,1350
Science & Technology,IN,2945049.113017831,2478
Entertainment,GB,2870647.265713586,10014
Film & Animation,US,2747712.53197026,1839
Science & Technology,US,2732367.3762154076,1425
Entertainment,IN,2583788.869462115,33817
Sports,IN,2575062.9723106744,2405
Comedy,IN,2538771.2321758093,4752
Unknown,GB,2431716.2897196263,22
Nonprofits & Activism,US,2418002.704347826,19
Science & Technology,GB,2366867.074669525,1487
People & Blogs,IN,2252118.546515062,12746
News & Politics,US,1913316.9521875,1733
Sports,US,1875406.7405522785,6074
Gaming,IN,1813355.2964285715,4653
People & Blogs,GB,1811455.173082489,4222
Education,GB,1770542.8026437135,1106
People & Blogs,US,1712436.6675598428,4042
Gaming,US,1665411.847928473,9437
Comedy,GB,1638479.5602819028,2065
Education,US,1621216.097750076,1115
Gaming,GB,1592461.4445083253,7868
Comedy,US,1573623.5257811297,2254
Education,IN,1573141.1543942993,2173
News & Politics,GB,1388459.0835852479,1229
Howto & Style,IN,1369289.8997238956,2428
Pets & Animals,US,1334545.2462809917,208
Howto & Style,GB,1285923.0895417978,1028
Pets & Animals,GB,1258050.561436673,192
Howto & Style,US,1235712.6627591136,1219
Travel & Events,IN,1171071.510901591,577
Sports,GB,1134771.2426572703,9697
Autos & Vehicles,IN,1117307.4406349207,497
News & Politics,IN,1067385.2657651627,2679
Unknown,IN,1005710.1764705882,26
Autos & Vehicles,US,958590.8586715867,967
Autos & Vehicles,GB,939134.7006359781,1153
Travel & Events,US,918903.0508574807,292
Travel & Events,GB,729078.8647619048,447
